source_id,course,title,original_path,format,document_role,year,output_md,locator_type,method,ocr_used,ocr_confidence,ocr_warning,status,reviewer,notes
english-001,english,英语 SUMMARY,学科资料/英语/英语SUMMARY.docx,docx,note,,english/english-001.md,none,vscode-markdown-to-word@0.1.67 (mammoth+turndown) + manual normalization,false,,,passed,Devilsean,plugin rough normalized; semantic review passed
english-002,english,英语复习,学科资料/英语/英语复习.docx,docx,note,,english/english-002.md,none,vscode-markdown-to-word@0.1.67 (mammoth+turndown) + manual normalization,false,,,passed,Devilsean,plugin rough normalized; semantic review passed
english-003,english,英语作文竞赛,学科资料/英语/英语作文竞赛.docx,docx,essay,,english/english-003.md,none,vscode-markdown-to-word@0.1.67 (mammoth+turndown) + manual normalization,false,,,passed,Devilsean,removed plugin-added inline code; semantic review passed
information-security-intro-001,information_security_intro,信息安全导论复习提纲（精简版）,学科资料/信息安全/《信安导论》复习提纲 v1 (精简版) (1).docx,docx,review_outline,,information_security_intro/information-security-intro-001.md,heading,vscode-markdown-to-word@0.1.67 (mammoth+turndown) + manual normalization,false,,,passed,Devilsean,heading preserved; semantic review passed
computer-science-intro-002,computer_science_intro,计算机科学概论梳理,学科资料/计算机科学概论/考试复习大纲与往年卷/计算机科学概论-02.docx,docx,review_outline,,computer_science_intro/computer-science-intro-002.md,heading,vscode-markdown-to-word@0.1.67 (mammoth+turndown) + manual normalization,false,,,passed,Devilsean,plugin rough normalized; 7 embedded images preserved; semantic review passed
linear-algebra-001,linear_algebra,线性代数习题一（手写解答）,学科资料/线性代数/平时书后习题解答/习题1.docx,docx,exercise_solution,,linear_algebra/linear-algebra-001.md,page,vscode-markdown-to-word@0.1.67 (mammoth+turndown) + manual image normalization,false,,,passed,Devilsean,13 scanned handwritten pages preserved as stable image assets; no OCR/transcription; semantic review passed
university-physics-3-1-001,university_physics_3_1,2022级大学物理（一）期末试卷答案及评分标准（B卷）,学科资料/大物上/往年卷/2022级大学物理（一）期末试卷答案简版（B卷）.docx,docx,past_exam,2022,university_physics_3_1/university-physics-3-1-001.md,heading,vscode-markdown-to-word@0.1.67 (mammoth+turndown) + manual normalization,false,,,passed,Klosure,37 formula assets replaced with LaTeX; diagram and one damaged formula image retained; formula review passed
probability-theory-001,probability_theory,2012－2013学年第2学期《概率论与数理统计》期末试题（A卷）,学科资料/概率论/往年卷/2013春-A.docx,docx,past_exam,2013,probability/probability-theory-001.md,heading,vscode-markdown-to-word@0.1.67 (mammoth+turndown) + manual normalization,false,,,passed,Klosure,147 formula assets replaced with LaTeX (68 MathType v5; 44 Equation.3; 35 non-OLE); 2 unsupported v5 and 1 damaged non-OLE formula images retained; formula review passed
cpp-001,cpp,C++ 模拟机试 1,学科资料/C++（上及下）/C++代码合辑(Ai盛行，故停止维护)/模拟机试1.docx,docx,practice_exam,,cpp/cpp-001.md,heading,vscode-markdown-to-word@0.1.67 (mammoth+turndown) + manual normalization,false,,,passed,Devilsean,plugin rough normalized; six problems and reference code preserved; class label and author metadata removed; long numeric cases retained as non-personal twin-number inputs; semantic review passed
linear-algebra-002,linear_algebra,线性代数习题三（手写解答）,学科资料/线性代数/平时书后习题解答/习题3.docx,docx,exercise_solution,,linear_algebra/linear-algebra-002.md,page,vscode-markdown-to-word@0.1.67 (mammoth+turndown) + manual image normalization,false,,,passed,Devilsean,6 scanned handwritten pages preserved as stable image assets; no OCR/transcription; semantic review passed
linear-algebra-003,linear_algebra,线性代数习题四（手写解答）,学科资料/线性代数/平时书后习题解答/习题4.docx,docx,exercise_solution,,linear_algebra/linear-algebra-003.md,page,vscode-markdown-to-word@0.1.67 (mammoth+turndown) + manual image normalization,false,,,passed,Devilsean,16 scanned handwritten pages preserved as stable image assets; no OCR/transcription; semantic review passed
linear-algebra-004,linear_algebra,线性代数习题五（手写解答）,学科资料/线性代数/平时书后习题解答/习题5.docx,docx,exercise_solution,,linear_algebra/linear-algebra-004.md,page,vscode-markdown-to-word@0.1.67 (mammoth+turndown) + manual image normalization,false,,,passed,Devilsean,13 scanned handwritten pages preserved as stable image assets; no OCR/transcription; semantic review passed
linear-algebra-005,linear_algebra,线性代数习题六（手写解答）,学科资料/线性代数/平时书后习题解答/习题6.docx,docx,exercise_solution,,linear_algebra/linear-algebra-005.md,page,vscode-markdown-to-word@0.1.67 (mammoth+turndown) + manual image normalization,false,,,passed,Devilsean,11 scanned handwritten pages preserved as stable image assets; no OCR/transcription; semantic review passed
engineering-mathematical-analysis-1-001,engineering_math_analysis_1,2019—2020 学年第一学期《工科数学分析（一）》期末考试试卷（B 卷，含答案）,学科资料/工科数学分析I/历年试卷/13-19/2019软件工科数学分析上B卷及答案.pdf,pdf,past_exam,2019,engineering_math_analysis_1/engineering-mathematical-analysis-1-001.md,page,pdftoppm page rendering + manual image normalization,false,,,passed,Devilsean,6 image-only pages preserved as stable JPEG assets; no text layer; no OCR/transcription; source PDF identity metadata removed; semantic review passed
engineering-mathematical-analysis-2-001,engineering_math_analysis_2,2024 级《工科数学分析（二）》期末考试题（部分解答）,学科资料/工科数学分析II/往年卷/2024级工科数学分析（二） 期末考试题-部分解答.pdf,pdf,past_exam,2024,engineering_math_analysis_2/engineering-mathematical-analysis-2-001.md,page,pdftoppm page rendering + manual image normalization,false,,,passed,Devilsean,5 image-only pages preserved as stable JPEG assets; no text layer; no OCR/transcription; semantic review passed
probability-theory-004,probability_theory,2014春《概率论与数理统计》A卷答案,学科资料/概率论/往年卷/2014春A卷答案.docx,docx,past_exam_answer,2014,probability/probability-theory-004.md,heading,vscode-markdown-to-word@0.1.67 (mammoth+turndown) + manual normalization,false,,,passed,Klosure,100 formula assets replaced with LaTeX; 1 coordinate diagram retained; identity fields removed; formula review passed
probability-theory-006,probability_theory,2016春季《概率论与数理统计》A卷答案,学科资料/概率论/往年卷/2016春季A卷答案.docx,docx,past_exam_answer,2016,probability/probability-theory-006.md,heading,vscode-markdown-to-word@0.1.67 (mammoth+turndown) + manual normalization,false,,,passed,Klosure,255 formula assets replaced with LaTeX; no image references retained; identity fields removed; formula review passed
discrete-mathematics-001,discrete_mathematics,2022—2023 学年秋季《离散数学》期末试卷,学科资料/离散数学/往年卷/离散数学-001.pdf,pdf,past_exam,2022,discrete_mathematics/discrete-mathematics-001.md,page,pdftoppm page rendering + manual image normalization,false,,,passed,Devilsean,3 image-only pages preserved as stable JPEG assets; no text layer; no OCR/transcription; source filename de-identified; semantic review passed
computer-science-intro-001,computer_science_intro,中国计算机软硬件发展历史,学科资料/计算机科学概论/考试复习大纲与往年卷/计算机科学概论-01.docx,docx,note,,computer_science_intro/computer-science-intro-001.md,heading,local DOCX OOXML extraction + manual normalization,false,,,passed,Devilsean,plugin rough unavailable; local OOXML extraction normalized; original viewpoints and possible errors preserved; source and staging metadata scrubbed; semantic review passed
probability-theory-007,probability_theory,2016—2017学年第二学期《概率论与数理统计》A卷答案及评分标准,学科资料/概率论/往年卷/【包打听分享】概率论2017春季A卷答案-评分标准29.docx,docx,past_exam_answer,2017,probability/probability-theory-007.md,heading,vscode-markdown-to-word@0.1.67 (mammoth+turndown) + manual normalization,false,,,passed,Klosure,191 formula assets replaced with LaTeX; 1 damaged formula image retained; one distribution table restored; identity fields and metadata removed; formula review passed
probability-theory-008,probability_theory,2018—2019学年第二学期《概率论与数理统计》A卷答案,学科资料/概率论/往年卷/【包打听分享】2019试卷A答案15.docx,docx,past_exam_answer,2019,probability/probability-theory-008.md,heading,vscode-markdown-to-word@0.1.67 (mammoth+turndown) + manual normalization,false,,,passed,Klosure,126 formula assets replaced with LaTeX; 3 damaged or mixed-content formula images retained; image identity strip removed; original omits the question number between questions 5 and 7; formula review passed
probability-theory-009,probability_theory,2019—2020学年第二学期《概率论与数理统计》A卷答案,学科资料/概率论/往年卷/【包打听分享】2020概率论与数理统计A卷 答案17.docx,docx,past_exam_answer,2020,probability/probability-theory-009.md,heading,vscode-markdown-to-word@0.1.67 (mammoth+turndown) + manual normalization,false,,,passed,Klosure,129 formula assets replaced with LaTeX; no image references retained; image identity strip removed; formula review passed
probability-theory-010,probability_theory,2020—2021学年第二学期《概率论与数理统计》A卷答案,学科资料/概率论/往年卷/【包打听分享】2021概率统计试卷A-答案19.docx,docx,past_exam_answer,2021,probability/probability-theory-010.md,heading,local OOXML extraction + omml2latex; MathType OLE kept as PNG preview fallback (LaTeX replacement pending human review),false,,,pending,,"AI-assisted batch conversion, pending human review. 97 formula assets replaced with LaTeX; 18 unsupported or damaged formula images retained; image identity strip removed; plugin text gaps retained without guessing; formula review passed; REDO reason: prior passed version replaced only 97 of 243 formula objects with LaTeX, leaving ~128 formula contents missing (plugin text gaps); full regeneration preserves all formulas as reviewable images; 104 OLE formula objects preserved as preview images, 139 native OMML converted to LaTeX; AI-transcribed 1 formula images to LaTeX; needs human re-check per SOP 4.2; REDO reason: restore after finalize smoke test (test placeholder reverted); 104 OLE formula objects preserved as preview images, 139 native OMML converted to LaTeX"
engineering-mathematical-analysis-1-002,engineering_math_analysis_1,工数1~3章知识点及对应真题,学科资料/工科数学分析I/工数学长备考圣遗物/工数1~3章知识点及对应真题(1).pptx,pptx,note,,engineering_math_analysis_1/engineering-mathematical-analysis-1-002.md,slide,python-pptx slide extraction,false,,,pending,,"AI-assisted batch conversion, pending human review. AI-assisted conversion; awaiting human review"
engineering-mathematical-analysis-1-003,engineering_math_analysis_1,工数上期末,学科资料/工科数学分析I/工数学长备考圣遗物/工数上期末.pptx,pptx,past_exam,,engineering_math_analysis_1/engineering-mathematical-analysis-1-003.md,slide,python-pptx slide extraction,false,,,pending,,"AI-assisted batch conversion, pending human review. AI-assisted conversion; awaiting human review"
engineering-mathematical-analysis-1-004,engineering_math_analysis_1,25-26B,学科资料/工科数学分析I/历年试卷/25-26B.pdf,pdf,past_exam,,engineering_math_analysis_1/engineering-mathematical-analysis-1-004.md,page,pymupdf page rendering to JPEG assets; no OCR performed,false,,,pending,,"AI-assisted batch conversion, pending human review. image-only PDF preserved as page images"
engineering-mathematical-analysis-1-005,engineering_math_analysis_1,2023-2024-1工科数学分析B答案,学科资料/工科数学分析I/历年试卷/23A，23B及答案/2023-2024-1工科数学分析B答案(1).pdf,pdf,past_exam_answer,2023,engineering_math_analysis_1/engineering-mathematical-analysis-1-005.md,page,"pymupdf page rendering to JPEG assets; corrupted text layer detected, no OCR performed",false,,,pending,,"AI-assisted batch conversion, pending human review. AI-assisted conversion; awaiting human review; source PDF text layer is corrupted (mojibake), converted as page images; OCR/transcription pending human decision"
engineering-mathematical-analysis-1-006,engineering_math_analysis_1,2023级工科数学分析（一） 期末考试题(A卷),学科资料/工科数学分析I/历年试卷/23A，23B及答案/2023级工科数学分析（一）   期末考试题(A卷).pdf,pdf,past_exam,2023,engineering_math_analysis_1/engineering-mathematical-analysis-1-006.md,page,pymupdf text-layer page extraction,false,,,pending,,"AI-assisted batch conversion, pending human review. 5 tool-proposed question boundaries need human confirmation; PRIVACY-HIT:class/student-id label:          学号   学院          "
engineering-mathematical-analysis-1-007,engineering_math_analysis_1,2023级工科数学分析（一） 期末考试题(B卷),学科资料/工科数学分析I/历年试卷/23A，23B及答案/2023级工科数学分析（一）   期末考试题(B卷).pdf,pdf,past_exam,2023,engineering_math_analysis_1/engineering-mathematical-analysis-1-007.md,page,pymupdf text-layer page extraction,false,,,pending,,"AI-assisted batch conversion, pending human review. 5 tool-proposed question boundaries need human confirmation; PRIVACY-HIT:class/student-id label:          学号   学院          "
engineering-mathematical-analysis-1-008,engineering_math_analysis_1,2016级软件工科数学分析上 期末考试题(A卷),学科资料/工科数学分析I/历年试卷/13-19/2016级软件工科数学分析上 期末考试题(A卷).pdf,pdf,past_exam,2016,engineering_math_analysis_1/engineering-mathematical-analysis-1-008.md,page,pymupdf text-layer page extraction,false,,,pending,,"AI-assisted batch conversion, pending human review. 5 tool-proposed question boundaries need human confirmation; PRIVACY-HIT:class/student-id label:生期末考试  姓名 学号 学院 专业班级 座位号 "
engineering-mathematical-analysis-1-009,engineering_math_analysis_1,2016级软件工科数学分析上 期末考试题(B卷),学科资料/工科数学分析I/历年试卷/13-19/2016级软件工科数学分析上 期末考试题(B卷).pdf,pdf,past_exam,2016,engineering_math_analysis_1/engineering-mathematical-analysis-1-009.md,page,pymupdf text-layer page extraction,false,,,pending,,"AI-assisted batch conversion, pending human review. 5 tool-proposed question boundaries need human confirmation"
engineering-mathematical-analysis-1-010,engineering_math_analysis_1,2017软件工科数学分析上A卷,学科资料/工科数学分析I/历年试卷/13-19/2017软件工科数学分析上A卷.pdf,pdf,past_exam,2017,engineering_math_analysis_1/engineering-mathematical-analysis-1-010.md,page,pymupdf text-layer page extraction,false,,,pending,,"AI-assisted batch conversion, pending human review. 4 tool-proposed question boundaries need human confirmation; PRIVACY-HIT:class/student-id label:生期末考试  姓名 学号 学院 专业班级 座位号 "
engineering-mathematical-analysis-1-011,engineering_math_analysis_1,2017软件工科数学分析上A卷及答案,学科资料/工科数学分析I/历年试卷/13-19/2017软件工科数学分析上A卷及答案.pdf,pdf,past_exam_answer,2017,engineering_math_analysis_1/engineering-mathematical-analysis-1-011.md,page,pymupdf text-layer page extraction,false,,,pending,,"AI-assisted batch conversion, pending human review. 5 tool-proposed question boundaries need human confirmation; PRIVACY-HIT:class/student-id label:生期末考试  姓名 学号 学院 专业班级 座位号 "
engineering-mathematical-analysis-1-012,engineering_math_analysis_1,2017软件工科数学分析上B卷,学科资料/工科数学分析I/历年试卷/13-19/2017软件工科数学分析上B卷.pdf,pdf,past_exam,2017,engineering_math_analysis_1/engineering-mathematical-analysis-1-012.md,page,pymupdf text-layer page extraction,false,,,pending,,"AI-assisted batch conversion, pending human review. 4 tool-proposed question boundaries need human confirmation; PRIVACY-HIT:class/student-id label:生期末考试  姓名 学号 学院 专业班级 座位号 "
engineering-mathematical-analysis-1-013,engineering_math_analysis_1,2017软件工科数学分析上B卷及答案,学科资料/工科数学分析I/历年试卷/13-19/2017软件工科数学分析上B卷及答案.pdf,pdf,past_exam_answer,2017,engineering_math_analysis_1/engineering-mathematical-analysis-1-013.md,page,pymupdf text-layer page extraction,false,,,pending,,"AI-assisted batch conversion, pending human review. 5 tool-proposed question boundaries need human confirmation; PRIVACY-HIT:class/student-id label:生期末考试  姓名 学号 学院 专业班级 座位号 "
engineering-mathematical-analysis-1-014,engineering_math_analysis_1,2018软件工科数学分析上A卷及答案,学科资料/工科数学分析I/历年试卷/13-19/2018软件工科数学分析上A卷及答案.pdf,pdf,past_exam_answer,2018,engineering_math_analysis_1/engineering-mathematical-analysis-1-014.md,page,pymupdf text-layer page extraction,false,,,pending,,"AI-assisted batch conversion, pending human review. 5 tool-proposed question boundaries need human confirmation; PRIVACY-HIT:class/student-id label:生期末考试  姓名 学号 学院 专业班级 座位号 "
engineering-mathematical-analysis-1-015,engineering_math_analysis_1,2018软件工科数学分析上B卷及答案,学科资料/工科数学分析I/历年试卷/13-19/2018软件工科数学分析上B卷及答案.pdf,pdf,past_exam_answer,2018,engineering_math_analysis_1/engineering-mathematical-analysis-1-015.md,page,pymupdf text-layer page extraction,false,,,pending,,"AI-assisted batch conversion, pending human review. 5 tool-proposed question boundaries need human confirmation; PRIVACY-HIT:class/student-id label:生期末考试  姓名 学号 学院 专业班级 座位号 "
engineering-mathematical-analysis-1-016,engineering_math_analysis_1,2019级软件工科数学分析上 期末考试题(A卷),学科资料/工科数学分析I/历年试卷/13-19/2019级软件工科数学分析上 期末考试题(A卷).pdf,pdf,past_exam,2019,engineering_math_analysis_1/engineering-mathematical-analysis-1-016.md,page,pymupdf text-layer page extraction,false,,,pending,,"AI-assisted batch conversion, pending human review. 5 tool-proposed question boundaries need human confirmation; PRIVACY-HIT:class/student-id label:生期末考试  姓名 学号 学院 专业班级 座位号 "
engineering-mathematical-analysis-1-017,engineering_math_analysis_1,2019级软件工科数学分析上 期末考试题(B卷) 附解答,学科资料/工科数学分析I/历年试卷/13-19/2019级软件工科数学分析上 期末考试题(B卷) 附解答.pdf,pdf,past_exam_answer,2019,engineering_math_analysis_1/engineering-mathematical-analysis-1-017.md,page,pymupdf text-layer page extraction,false,,,pending,,"AI-assisted batch conversion, pending human review. 5 tool-proposed question boundaries need human confirmation; PRIVACY-HIT:class/student-id label:生期末考试  姓名 学号 学院 专业班级 座位号 "
engineering-mathematical-analysis-1-018,engineering_math_analysis_1,2024级工科数学分析上 期 末考试题（A）卷,学科资料/工科数学分析I/历年试卷/24A及答案，24B及答案/2024级工科数学分析上 期 末考试题（A）卷 .pdf,pdf,past_exam,2024,engineering_math_analysis_1/engineering-mathematical-analysis-1-018.md,page,pymupdf text-layer page extraction,false,,,pending,,"AI-assisted batch conversion, pending human review. 4 tool-proposed question boundaries need human confirmation; PRIVACY-HIT:class/student-id label:          学号   学院          "
engineering-mathematical-analysis-1-019,engineering_math_analysis_1,2024级工科数学分析上 期 末考试题（B）卷,学科资料/工科数学分析I/历年试卷/24A及答案，24B及答案/2024级工科数学分析上 期 末考试题（B）卷 .pdf,pdf,past_exam,2024,engineering_math_analysis_1/engineering-mathematical-analysis-1-019.md,page,pymupdf text-layer page extraction,false,,,pending,,"AI-assisted batch conversion, pending human review. 4 tool-proposed question boundaries need human confirmation; PRIVACY-HIT:class/student-id label:          学号   学院          "
engineering-mathematical-analysis-1-020,engineering_math_analysis_1,2021工科数学分析试卷A答案,学科资料/工科数学分析I/历年试卷/21A及答案，21B，22A及答案，22B/2021工科数学分析试卷A答案.pdf,pdf,past_exam_answer,2021,engineering_math_analysis_1/engineering-mathematical-analysis-1-020.md,page,pymupdf text-layer page extraction,false,,,pending,,"AI-assisted batch conversion, pending human review. PRIVACY-HIT:class/student-id label:          学号   学院          "
engineering-mathematical-analysis-1-021,engineering_math_analysis_1,2022A解答,学科资料/工科数学分析I/历年试卷/21A及答案，21B，22A及答案，22B/2022A解答.pdf,pdf,past_exam_answer,2022,engineering_math_analysis_1/engineering-mathematical-analysis-1-021.md,page,pymupdf text-layer page extraction,false,,,pending,,"AI-assisted batch conversion, pending human review. 5 tool-proposed question boundaries need human confirmation"
engineering-mathematical-analysis-1-022,engineering_math_analysis_1,21B,学科资料/工科数学分析I/历年试卷/21A及答案，21B，22A及答案，22B/21B.pdf,pdf,past_exam_answer,,engineering_math_analysis_1/engineering-mathematical-analysis-1-022.md,page,pymupdf text-layer page extraction,false,,,pending,,"AI-assisted batch conversion, pending human review. AI-assisted conversion; awaiting human review"
engineering-mathematical-analysis-1-023,engineering_math_analysis_1,22A,学科资料/工科数学分析I/历年试卷/21A及答案，21B，22A及答案，22B/22A.pdf,pdf,past_exam_answer,,engineering_math_analysis_1/engineering-mathematical-analysis-1-023.md,page,pymupdf text-layer page extraction,false,,,pending,,"AI-assisted batch conversion, pending human review. 5 tool-proposed question boundaries need human confirmation"
engineering-mathematical-analysis-1-024,engineering_math_analysis_1,22B,学科资料/工科数学分析I/历年试卷/21A及答案，21B，22A及答案，22B/22B.pdf,pdf,past_exam_answer,,engineering_math_analysis_1/engineering-mathematical-analysis-1-024.md,page,pymupdf text-layer page extraction,false,,,pending,,"AI-assisted batch conversion, pending human review. 5 tool-proposed question boundaries need human confirmation"
engineering-mathematical-analysis-2-002,engineering_math_analysis_2,工科数分第14讲,学科资料/工科数学分析II/含答案版工科数分课件/工科数分第14讲.pdf,pdf,note,,engineering_math_analysis_2/engineering-mathematical-analysis-2-002.md,page,pymupdf text-layer page extraction,false,,,pending,,"AI-assisted batch conversion, pending human review. AI-assisted conversion; awaiting human review"
engineering-mathematical-analysis-2-003,engineering_math_analysis_2,工科数分第1讲,学科资料/工科数学分析II/含答案版工科数分课件/工科数分第1讲.pdf,pdf,note,,engineering_math_analysis_2/engineering-mathematical-analysis-2-003.md,page,pymupdf text-layer page extraction,false,,,pending,,"AI-assisted batch conversion, pending human review. AI-assisted conversion; awaiting human review"
engineering-mathematical-analysis-2-004,engineering_math_analysis_2,工科数分第2讲,学科资料/工科数学分析II/含答案版工科数分课件/工科数分第2讲.pdf,pdf,note,,engineering_math_analysis_2/engineering-mathematical-analysis-2-004.md,page,pymupdf text-layer page extraction,false,,,pending,,"AI-assisted batch conversion, pending human review. AI-assisted conversion; awaiting human review"
engineering-mathematical-analysis-2-005,engineering_math_analysis_2,工科数分第3讲,学科资料/工科数学分析II/含答案版工科数分课件/工科数分第3讲.pdf,pdf,note,,engineering_math_analysis_2/engineering-mathematical-analysis-2-005.md,page,pymupdf text-layer page extraction,false,,,pending,,"AI-assisted batch conversion, pending human review. AI-assisted conversion; awaiting human review"
engineering-mathematical-analysis-2-006,engineering_math_analysis_2,工科数分第4讲,学科资料/工科数学分析II/含答案版工科数分课件/工科数分第4讲.pdf,pdf,note,,engineering_math_analysis_2/engineering-mathematical-analysis-2-006.md,page,pymupdf text-layer page extraction,false,,,pending,,"AI-assisted batch conversion, pending human review. AI-assisted conversion; awaiting human review"
engineering-mathematical-analysis-2-007,engineering_math_analysis_2,工科数分第5讲,学科资料/工科数学分析II/含答案版工科数分课件/工科数分第5讲.pdf,pdf,note,,engineering_math_analysis_2/engineering-mathematical-analysis-2-007.md,page,pymupdf text-layer page extraction,false,,,pending,,"AI-assisted batch conversion, pending human review. AI-assisted conversion; awaiting human review"
engineering-mathematical-analysis-2-008,engineering_math_analysis_2,工科数分第6讲,学科资料/工科数学分析II/含答案版工科数分课件/工科数分第6讲.pdf,pdf,note,,engineering_math_analysis_2/engineering-mathematical-analysis-2-008.md,page,pymupdf text-layer page extraction,false,,,pending,,"AI-assisted batch conversion, pending human review. AI-assisted conversion; awaiting human review"
engineering-mathematical-analysis-2-009,engineering_math_analysis_2,工科数分第7讲,学科资料/工科数学分析II/含答案版工科数分课件/工科数分第7讲.pdf,pdf,note,,engineering_math_analysis_2/engineering-mathematical-analysis-2-009.md,page,pymupdf text-layer page extraction,false,,,pending,,"AI-assisted batch conversion, pending human review. AI-assisted conversion; awaiting human review"
engineering-mathematical-analysis-2-010,engineering_math_analysis_2,工科数分第8讲,学科资料/工科数学分析II/含答案版工科数分课件/工科数分第8讲.pdf,pdf,note,,engineering_math_analysis_2/engineering-mathematical-analysis-2-010.md,page,pymupdf text-layer page extraction,false,,,pending,,"AI-assisted batch conversion, pending human review. AI-assisted conversion; awaiting human review"
engineering-mathematical-analysis-2-011,engineering_math_analysis_2,工科数分第9讲,学科资料/工科数学分析II/含答案版工科数分课件/工科数分第9讲.pdf,pdf,note,,engineering_math_analysis_2/engineering-mathematical-analysis-2-011.md,page,pymupdf text-layer page extraction,false,,,pending,,"AI-assisted batch conversion, pending human review. AI-assisted conversion; awaiting human review"
engineering-mathematical-analysis-2-012,engineering_math_analysis_2,2009级计算机工科数学分析下 期末A,学科资料/工科数学分析II/往年卷/2009级计算机工科数学分析下 期末A.doc,doc,past_exam,2009,engineering_math_analysis_2/engineering-mathematical-analysis-2-012.md,none,libreoffice-26.2 doc->docx + OOXML extraction + omml2latex; OLE preview-image fallback,false,,,pending,,"AI-assisted batch conversion, pending human review. 1 MathType/OLE formula objects preserved as preview-image fallback (LaTeX replacement pending human review); 51 native OMML formulas converted to LaTeX"
engineering-mathematical-analysis-2-013,engineering_math_analysis_2,2009级计算机工科数学分析下 期末B,学科资料/工科数学分析II/往年卷/2009级计算机工科数学分析下 期末B.doc,doc,past_exam,2009,engineering_math_analysis_2/engineering-mathematical-analysis-2-013.md,none,libreoffice-26.2 doc->docx + OOXML extraction + omml2latex; OLE preview-image fallback,false,,,pending,,"AI-assisted batch conversion, pending human review. 55 native OMML formulas converted to LaTeX"
engineering-mathematical-analysis-2-014,engineering_math_analysis_2,2012级计算机工科数学分析下 期末考试题(A卷),学科资料/工科数学分析II/往年卷/2012级计算机工科数学分析下 期末考试题(A卷).doc,doc,past_exam,2012,engineering_math_analysis_2/engineering-mathematical-analysis-2-014.md,none,libreoffice-26.2 doc->docx + OOXML extraction + omml2latex; OLE preview-image fallback,false,,,pending,,"AI-assisted batch conversion, pending human review. 60 MathType/OLE formula objects preserved as preview-image fallback (LaTeX replacement pending human review); 4 tool-proposed question boundaries need human confirmation"
engineering-mathematical-analysis-2-015,engineering_math_analysis_2,2012级计算机工科数学分析下 期末考试题(B卷),学科资料/工科数学分析II/往年卷/2012级计算机工科数学分析下 期末考试题(B卷) .doc,doc,past_exam,2012,engineering_math_analysis_2/engineering-mathematical-analysis-2-015.md,none,libreoffice-26.2 doc->docx + OOXML extraction + omml2latex; OLE preview-image fallback,false,,,pending,,"AI-assisted batch conversion, pending human review. 64 MathType/OLE formula objects preserved as preview-image fallback (LaTeX replacement pending human review); 2 tool-proposed question boundaries need human confirmation"
engineering-mathematical-analysis-2-016,engineering_math_analysis_2,2013级软件 工科数学分析下A,学科资料/工科数学分析II/往年卷/2013级软件 工科数学分析下A.doc,doc,note,2013,engineering_math_analysis_2/engineering-mathematical-analysis-2-016.md,none,libreoffice-26.2 doc->docx + OOXML extraction + omml2latex; OLE preview-image fallback,false,,,pending,,"AI-assisted batch conversion, pending human review. 63 MathType/OLE formula objects preserved as preview-image fallback (LaTeX replacement pending human review)"
engineering-mathematical-analysis-2-017,engineering_math_analysis_2,2013级软件 工科数学分析下A附解答,学科资料/工科数学分析II/往年卷/2013级软件 工科数学分析下A附解答.doc,doc,past_exam_answer,2013,engineering_math_analysis_2/engineering-mathematical-analysis-2-017.md,none,libreoffice-26.2 doc->docx + OOXML extraction + omml2latex; OLE preview-image fallback,false,,,pending,,"AI-assisted batch conversion, pending human review. 96 MathType/OLE formula objects preserved as preview-image fallback (LaTeX replacement pending human review); 14 native OMML formulas converted to LaTeX; 4 tool-proposed question boundaries need human confirmation"
engineering-mathematical-analysis-2-018,engineering_math_analysis_2,2013级软件 工科数学分析下B,学科资料/工科数学分析II/往年卷/2013级软件 工科数学分析下B.doc,doc,note,2013,engineering_math_analysis_2/engineering-mathematical-analysis-2-018.md,none,libreoffice-26.2 doc->docx + OOXML extraction + omml2latex; OLE preview-image fallback,false,,,pending,,"AI-assisted batch conversion, pending human review. 56 MathType/OLE formula objects preserved as preview-image fallback (LaTeX replacement pending human review)"
engineering-mathematical-analysis-2-019,engineering_math_analysis_2,2014级软件 工科数学分析下A,学科资料/工科数学分析II/往年卷/2014级软件 工科数学分析下A.doc,doc,note,2014,engineering_math_analysis_2/engineering-mathematical-analysis-2-019.md,none,libreoffice-26.2 doc->docx + OOXML extraction + omml2latex; OLE preview-image fallback,false,,,pending,,"AI-assisted batch conversion, pending human review. 36 MathType/OLE formula objects preserved as preview-image fallback (LaTeX replacement pending human review)"
engineering-mathematical-analysis-2-020,engineering_math_analysis_2,2014级软件 工科数学分析下B,学科资料/工科数学分析II/往年卷/2014级软件 工科数学分析下B.doc,doc,note,2014,engineering_math_analysis_2/engineering-mathematical-analysis-2-020.md,none,libreoffice-26.2 doc->docx + OOXML extraction + omml2latex; OLE preview-image fallback,false,,,pending,,"AI-assisted batch conversion, pending human review. 38 MathType/OLE formula objects preserved as preview-image fallback (LaTeX replacement pending human review)"
engineering-mathematical-analysis-2-021,engineering_math_analysis_2,2015级软件 工科数学分析下A,学科资料/工科数学分析II/往年卷/2015级软件 工科数学分析下A.doc,doc,note,2015,engineering_math_analysis_2/engineering-mathematical-analysis-2-021.md,none,libreoffice-26.2 doc->docx + OOXML extraction + omml2latex; OLE preview-image fallback,false,,,pending,,"AI-assisted batch conversion, pending human review. 40 MathType/OLE formula objects preserved as preview-image fallback (LaTeX replacement pending human review)"
engineering-mathematical-analysis-2-022,engineering_math_analysis_2,2015级软件 工科数学分析下B,学科资料/工科数学分析II/往年卷/2015级软件 工科数学分析下B.doc,doc,note,2015,engineering_math_analysis_2/engineering-mathematical-analysis-2-022.md,none,libreoffice-26.2 doc->docx + OOXML extraction + omml2latex; OLE preview-image fallback,false,,,pending,,"AI-assisted batch conversion, pending human review. 41 MathType/OLE formula objects preserved as preview-image fallback (LaTeX replacement pending human review)"
engineering-mathematical-analysis-2-023,engineering_math_analysis_2,2016级工科数学分析期末试卷B解答,学科资料/工科数学分析II/往年卷/2016级工科数学分析期末试卷B解答.pdf,pdf,past_exam_answer,2016,engineering_math_analysis_2/engineering-mathematical-analysis-2-023.md,page,pymupdf text-layer page extraction,false,,,pending,,"AI-assisted batch conversion, pending human review. 10 tool-proposed question boundaries need human confirmation; PRIVACY-HIT:class/student-id label:生期末考试  姓名 学号 学院 专业班级 座位号 "
engineering-mathematical-analysis-2-024,engineering_math_analysis_2,2016级工科数学分析试卷A,学科资料/工科数学分析II/往年卷/2016级工科数学分析试卷A.doc,doc,past_exam,2016,engineering_math_analysis_2/engineering-mathematical-analysis-2-024.md,none,libreoffice-26.2 doc->docx + OOXML extraction + omml2latex; OLE preview-image fallback,false,,,pending,,"AI-assisted batch conversion, pending human review. 68 MathType/OLE formula objects preserved as preview-image fallback (LaTeX replacement pending human review); 1 tool-proposed question boundaries need human confirmation"
engineering-mathematical-analysis-2-025,engineering_math_analysis_2,2016级工科数学分析试卷B,学科资料/工科数学分析II/往年卷/2016级工科数学分析试卷B.doc,doc,past_exam,2016,engineering_math_analysis_2/engineering-mathematical-analysis-2-025.md,none,libreoffice-26.2 doc->docx + OOXML extraction + omml2latex; OLE preview-image fallback,false,,,pending,,"AI-assisted batch conversion, pending human review. 78 MathType/OLE formula objects preserved as preview-image fallback (LaTeX replacement pending human review); 1 tool-proposed question boundaries need human confirmation"
engineering-mathematical-analysis-2-026,engineering_math_analysis_2,2017级工科数学分析期末试卷A,学科资料/工科数学分析II/往年卷/2017级工科数学分析期末试卷A.doc,doc,past_exam,2017,engineering_math_analysis_2/engineering-mathematical-analysis-2-026.md,none,libreoffice-26.2 doc->docx + OOXML extraction + omml2latex; OLE preview-image fallback,false,,,pending,,"AI-assisted batch conversion, pending human review. 68 MathType/OLE formula objects preserved as preview-image fallback (LaTeX replacement pending human review); 1 tool-proposed question boundaries need human confirmation"
engineering-mathematical-analysis-2-027,engineering_math_analysis_2,2017级工科数学分析期末试卷A答案,学科资料/工科数学分析II/往年卷/2017级工科数学分析期末试卷A答案.pdf,pdf,past_exam_answer,2017,engineering_math_analysis_2/engineering-mathematical-analysis-2-027.md,page,pymupdf text-layer page extraction,false,,,pending,,"AI-assisted batch conversion, pending human review. 10 tool-proposed question boundaries need human confirmation; PRIVACY-HIT:class/student-id label:生期末考试  姓名 学号 学院 专业班级 座位号 "
engineering-mathematical-analysis-2-028,engineering_math_analysis_2,2017级工科数学分析期末试卷B,学科资料/工科数学分析II/往年卷/2017级工科数学分析期末试卷B.doc,doc,past_exam,2017,engineering_math_analysis_2/engineering-mathematical-analysis-2-028.md,none,libreoffice-26.2 doc->docx + OOXML extraction + omml2latex; OLE preview-image fallback,false,,,pending,,"AI-assisted batch conversion, pending human review. 64 MathType/OLE formula objects preserved as preview-image fallback (LaTeX replacement pending human review); 1 tool-proposed question boundaries need human confirmation"
engineering-mathematical-analysis-2-029,engineering_math_analysis_2,2017级工科数学分析期末试卷B答案,学科资料/工科数学分析II/往年卷/2017级工科数学分析期末试卷B答案.pdf,pdf,past_exam_answer,2017,engineering_math_analysis_2/engineering-mathematical-analysis-2-029.md,page,pymupdf text-layer page extraction,false,,,pending,,"AI-assisted batch conversion, pending human review. 10 tool-proposed question boundaries need human confirmation; PRIVACY-HIT:class/student-id label:生期末考试  姓名 学号 学院 专业班级 座位号 "
engineering-mathematical-analysis-2-030,engineering_math_analysis_2,2018级工科数学分析（二）A,学科资料/工科数学分析II/往年卷/2018级工科数学分析（二）A.doc,doc,note,2018,engineering_math_analysis_2/engineering-mathematical-analysis-2-030.md,none,libreoffice-26.2 doc->docx + OOXML extraction + omml2latex; OLE preview-image fallback,false,,,pending,,"AI-assisted batch conversion, pending human review. 34 MathType/OLE formula objects preserved as preview-image fallback (LaTeX replacement pending human review)"
engineering-mathematical-analysis-2-031,engineering_math_analysis_2,2018级工科数学分析（二）A附解答,学科资料/工科数学分析II/往年卷/2018级工科数学分析（二）A附解答.doc,doc,past_exam_answer,2018,engineering_math_analysis_2/engineering-mathematical-analysis-2-031.md,none,libreoffice-26.2 doc->docx + OOXML extraction + omml2latex; OLE preview-image fallback,false,,,pending,,"AI-assisted batch conversion, pending human review. 47 MathType/OLE formula objects preserved as preview-image fallback (LaTeX replacement pending human review)"
engineering-mathematical-analysis-2-032,engineering_math_analysis_2,2018级工科数学分析（二）B,学科资料/工科数学分析II/往年卷/2018级工科数学分析（二）B.doc,doc,note,2018,engineering_math_analysis_2/engineering-mathematical-analysis-2-032.md,none,libreoffice-26.2 doc->docx + OOXML extraction + omml2latex; OLE preview-image fallback,false,,,pending,,"AI-assisted batch conversion, pending human review. 32 MathType/OLE formula objects preserved as preview-image fallback (LaTeX replacement pending human review)"
engineering-mathematical-analysis-2-033,engineering_math_analysis_2,2018级工科数学分析（二）B附解答,学科资料/工科数学分析II/往年卷/2018级工科数学分析（二）B附解答.doc,doc,past_exam_answer,2018,engineering_math_analysis_2/engineering-mathematical-analysis-2-033.md,none,libreoffice-26.2 doc->docx + OOXML extraction + omml2latex; OLE preview-image fallback,false,,,pending,,"AI-assisted batch conversion, pending human review. 107 MathType/OLE formula objects preserved as preview-image fallback (LaTeX replacement pending human review)"
engineering-mathematical-analysis-2-034,engineering_math_analysis_2,2019级 工科数学分析（二）A答案,学科资料/工科数学分析II/往年卷/2019级 工科数学分析（二）A答案1 .doc,doc,past_exam_answer,2019,engineering_math_analysis_2/engineering-mathematical-analysis-2-034.md,none,libreoffice-26.2 doc->docx + OOXML extraction + omml2latex; OLE preview-image fallback,false,,,pending,,"AI-assisted batch conversion, pending human review. 93 MathType/OLE formula objects preserved as preview-image fallback (LaTeX replacement pending human review)"
engineering-mathematical-analysis-2-035,engineering_math_analysis_2,2019级 工科数学分析（二）A答案,学科资料/工科数学分析II/往年卷/2019级 工科数学分析（二）A答案2 .pdf,pdf,past_exam_answer,2019,engineering_math_analysis_2/engineering-mathematical-analysis-2-035.md,page,pymupdf text-layer page extraction,false,,,pending,,"AI-assisted batch conversion, pending human review. PRIVACY-HIT:class/student-id label:          学号   学院          "
engineering-mathematical-analysis-2-036,engineering_math_analysis_2,2019级 工科数学分析（二）B 补考用,学科资料/工科数学分析II/往年卷/2019级 工科数学分析（二）B 补考用.doc,doc,note,2019,engineering_math_analysis_2/engineering-mathematical-analysis-2-036.md,none,libreoffice-26.2 doc->docx + OOXML extraction + omml2latex; OLE preview-image fallback,false,,,pending,,"AI-assisted batch conversion, pending human review. 45 MathType/OLE formula objects preserved as preview-image fallback (LaTeX replacement pending human review)"
engineering-mathematical-analysis-2-037,engineering_math_analysis_2,2020级工科数学分析下期末试卷(A),学科资料/工科数学分析II/往年卷/2020级工科数学分析下期末试卷(A).pdf,pdf,past_exam,2020,engineering_math_analysis_2/engineering-mathematical-analysis-2-037.md,page,pymupdf text-layer page extraction,false,,,pending,,"AI-assisted batch conversion, pending human review. 4 tool-proposed question boundaries need human confirmation; PRIVACY-HIT:class/student-id label:          学号   学院          "
engineering-mathematical-analysis-2-038,engineering_math_analysis_2,2020级工科数学分析下期末试卷(B),学科资料/工科数学分析II/往年卷/2020级工科数学分析下期末试卷(B).pdf,pdf,past_exam,2020,engineering_math_analysis_2/engineering-mathematical-analysis-2-038.md,page,pymupdf text-layer page extraction,false,,,pending,,"AI-assisted batch conversion, pending human review. 4 tool-proposed question boundaries need human confirmation; PRIVACY-HIT:class/student-id label:          学号   学院          "
engineering-mathematical-analysis-2-039,engineering_math_analysis_2,2021级工科数学分析下期末试卷(A),学科资料/工科数学分析II/往年卷/2021级工科数学分析下期末试卷(A).pdf,pdf,past_exam,2021,engineering_math_analysis_2/engineering-mathematical-analysis-2-039.md,page,pymupdf text-layer page extraction,false,,,pending,,"AI-assisted batch conversion, pending human review. 5 tool-proposed question boundaries need human confirmation; PRIVACY-HIT:class/student-id label:          学号   学院          "
engineering-mathematical-analysis-2-040,engineering_math_analysis_2,2022级工科数学分析下期末试卷(A),学科资料/工科数学分析II/往年卷/2022级工科数学分析下期末试卷(A).pdf,pdf,past_exam,2022,engineering_math_analysis_2/engineering-mathematical-analysis-2-040.md,page,pymupdf text-layer page extraction,false,,,pending,,"AI-assisted batch conversion, pending human review. 6 tool-proposed question boundaries need human confirmation; PRIVACY-HIT:class/student-id label:          学号   学院          "
engineering-mathematical-analysis-2-041,engineering_math_analysis_2,2022级工科数学分析下期末试卷(B),学科资料/工科数学分析II/往年卷/2022级工科数学分析下期末试卷(B).pdf,pdf,past_exam,2022,engineering_math_analysis_2/engineering-mathematical-analysis-2-041.md,page,pymupdf text-layer page extraction,false,,,pending,,"AI-assisted batch conversion, pending human review. 6 tool-proposed question boundaries need human confirmation; PRIVACY-HIT:class/student-id label:          学号   学院          "
engineering-mathematical-analysis-2-042,engineering_math_analysis_2,2023级工科数学分析下 期末考试题（A）卷,学科资料/工科数学分析II/往年卷/2023级工科数学分析下 期末考试题（A）卷 .pdf,pdf,past_exam,2023,engineering_math_analysis_2/engineering-mathematical-analysis-2-042.md,page,pymupdf text-layer page extraction,false,,,pending,,"AI-assisted batch conversion, pending human review. 3 tool-proposed question boundaries need human confirmation"
engineering-mathematical-analysis-2-043,engineering_math_analysis_2,2023级工科数学分析下 期末考试题（B）卷,学科资料/工科数学分析II/往年卷/2023级工科数学分析下 期末考试题（B）卷 .pdf,pdf,past_exam,2023,engineering_math_analysis_2/engineering-mathematical-analysis-2-043.md,page,pymupdf text-layer page extraction,false,,,pending,,"AI-assisted batch conversion, pending human review. 3 tool-proposed question boundaries need human confirmation"
linear-algebra-006,linear_algebra,2016-2017年度线性代数期末卷A,学科资料/线性代数/往年卷/2016-2017年度线性代数期末卷A.pdf,pdf,past_exam,2016,linear_algebra/linear-algebra-006.md,page,"pymupdf page rendering to JPEG assets; corrupted text layer detected, no OCR performed",false,,,pending,,"AI-assisted batch conversion, pending human review. AI-assisted conversion; awaiting human review; source PDF text layer is corrupted (mojibake), converted as page images; OCR/transcription pending human decision"
linear-algebra-007,linear_algebra,2016-2017年度线性代数期末卷A答案,学科资料/线性代数/往年卷/2016-2017年度线性代数期末卷A答案.pdf,pdf,past_exam_answer,2016,linear_algebra/linear-algebra-007.md,page,"pymupdf page rendering to JPEG assets; corrupted text layer detected, no OCR performed",false,,,pending,,"AI-assisted batch conversion, pending human review. AI-assisted conversion; awaiting human review; source PDF text layer is corrupted (mojibake), converted as page images; OCR/transcription pending human decision"
linear-algebra-008,linear_algebra,2017-2018年度线性代数期末卷A,学科资料/线性代数/往年卷/2017-2018年度线性代数期末卷A.pdf,pdf,past_exam,2017,linear_algebra/linear-algebra-008.md,page,"pymupdf page rendering to JPEG assets; corrupted text layer detected, no OCR performed",false,,,pending,,"AI-assisted batch conversion, pending human review. AI-assisted conversion; awaiting human review; source PDF text layer is corrupted (mojibake), converted as page images; OCR/transcription pending human decision"
linear-algebra-009,linear_algebra,2017-2018年度线性代数期末卷A答案,学科资料/线性代数/往年卷/2017-2018年度线性代数期末卷A答案.pdf,pdf,past_exam_answer,2017,linear_algebra/linear-algebra-009.md,page,"pymupdf page rendering to JPEG assets; corrupted text layer detected, no OCR performed",false,,,pending,,"AI-assisted batch conversion, pending human review. AI-assisted conversion; awaiting human review; source PDF text layer is corrupted (mojibake), converted as page images; OCR/transcription pending human decision"
linear-algebra-010,linear_algebra,2018-2019年度线性代数期末卷B,学科资料/线性代数/往年卷/2018-2019年度线性代数期末卷B.pdf,pdf,past_exam,2018,linear_algebra/linear-algebra-010.md,page,"pymupdf page rendering to JPEG assets; corrupted text layer detected, no OCR performed",false,,,pending,,"AI-assisted batch conversion, pending human review. AI-assisted conversion; awaiting human review; source PDF text layer is corrupted (mojibake), converted as page images; OCR/transcription pending human decision"
linear-algebra-011,linear_algebra,2018-2019年度线性代数期末卷B答案,学科资料/线性代数/往年卷/2018-2019年度线性代数期末卷B答案.pdf,pdf,past_exam_answer,2018,linear_algebra/linear-algebra-011.md,page,"pymupdf page rendering to JPEG assets; corrupted text layer detected, no OCR performed",false,,,pending,,"AI-assisted batch conversion, pending human review. AI-assisted conversion; awaiting human review; source PDF text layer is corrupted (mojibake), converted as page images; OCR/transcription pending human decision"
linear-algebra-012,linear_algebra,2019-2020年度线性代数期末卷A,学科资料/线性代数/往年卷/2019-2020年度线性代数期末卷A.pdf,pdf,past_exam,2019,linear_algebra/linear-algebra-012.md,page,pymupdf text-layer page extraction,false,,,pending,,"AI-assisted batch conversion, pending human review. 8 tool-proposed question boundaries need human confirmation"
linear-algebra-013,linear_algebra,2019-2020年度线性代数期末卷A答案,学科资料/线性代数/往年卷/2019-2020年度线性代数期末卷A答案.pdf,pdf,past_exam_answer,2019,linear_algebra/linear-algebra-013.md,page,pymupdf text-layer page extraction,false,,,pending,,"AI-assisted batch conversion, pending human review. 8 tool-proposed question boundaries need human confirmation"
linear-algebra-014,linear_algebra,2020-2021年度线代解几期末卷A,学科资料/线性代数/往年卷/2020-2021年度线代解几期末卷A.pdf,pdf,past_exam,2020,linear_algebra/linear-algebra-014.md,page,pymupdf text-layer page extraction,false,,,pending,,"AI-assisted batch conversion, pending human review. 6 tool-proposed question boundaries need human confirmation"
linear-algebra-015,linear_algebra,2020-2021年度线代解几期末卷A答案,学科资料/线性代数/往年卷/2020-2021年度线代解几期末卷A答案.pdf,pdf,past_exam_answer,2020,linear_algebra/linear-algebra-015.md,page,pymupdf text-layer page extraction,false,,,pending,,"AI-assisted batch conversion, pending human review. 6 tool-proposed question boundaries need human confirmation"
linear-algebra-016,linear_algebra,2020-2021年度线代解几期末卷B,学科资料/线性代数/往年卷/2020-2021年度线代解几期末卷B.pdf,pdf,past_exam,2020,linear_algebra/linear-algebra-016.md,page,pymupdf text-layer page extraction,false,,,pending,,"AI-assisted batch conversion, pending human review. 6 tool-proposed question boundaries need human confirmation"
linear-algebra-017,linear_algebra,2020-2021年度线代解几期末卷B答案,学科资料/线性代数/往年卷/2020-2021年度线代解几期末卷B答案.pdf,pdf,past_exam_answer,2020,linear_algebra/linear-algebra-017.md,page,pymupdf text-layer page extraction,false,,,pending,,"AI-assisted batch conversion, pending human review. 6 tool-proposed question boundaries need human confirmation"
linear-algebra-018,linear_algebra,2021-2022年度线代解几期末卷A,学科资料/线性代数/往年卷/2021-2022年度线代解几期末卷A.pdf,pdf,past_exam,2021,linear_algebra/linear-algebra-018.md,page,pymupdf text-layer page extraction,false,,,pending,,"AI-assisted batch conversion, pending human review. 8 tool-proposed question boundaries need human confirmation"
linear-algebra-019,linear_algebra,2021-2022年度线代解几期末卷A答案,学科资料/线性代数/往年卷/2021-2022年度线代解几期末卷A答案.pdf,pdf,past_exam_answer,2021,linear_algebra/linear-algebra-019.md,page,pymupdf text-layer page extraction,false,,,pending,,"AI-assisted batch conversion, pending human review. 8 tool-proposed question boundaries need human confirmation"
linear-algebra-020,linear_algebra,2021-2022年度线代解几期末卷B,学科资料/线性代数/往年卷/2021-2022年度线代解几期末卷B.pdf,pdf,past_exam,2021,linear_algebra/linear-algebra-020.md,page,pymupdf text-layer page extraction,false,,,pending,,"AI-assisted batch conversion, pending human review. 7 tool-proposed question boundaries need human confirmation"
linear-algebra-021,linear_algebra,2021-2022年度线代解几期末卷B答案,学科资料/线性代数/往年卷/2021-2022年度线代解几期末卷B答案.pdf,pdf,past_exam_answer,2021,linear_algebra/linear-algebra-021.md,page,pymupdf text-layer page extraction,false,,,pending,,"AI-assisted batch conversion, pending human review. 8 tool-proposed question boundaries need human confirmation"
linear-algebra-022,linear_algebra,2022-2023年度线代解几期末卷A,学科资料/线性代数/往年卷/2022-2023年度线代解几期末卷A.pptx,pptx,past_exam,2022,linear_algebra/linear-algebra-022.md,slide,python-pptx slide extraction,false,,,pending,,"AI-assisted batch conversion, pending human review. AI-assisted conversion; awaiting human review"
linear-algebra-023,linear_algebra,2022-2023年度线代解几期末卷A答案,学科资料/线性代数/往年卷/2022-2023年度线代解几期末卷A答案.pptx,pptx,past_exam_answer,2022,linear_algebra/linear-algebra-023.md,slide,python-pptx slide extraction,false,,,pending,,"AI-assisted batch conversion, pending human review. AI-assisted conversion; awaiting human review"
probability-theory-011,probability_theory,2014春B卷无答案,学科资料/概率论/往年卷/2014春B卷无答案.doc,doc,past_exam_answer,2014,probability/probability-theory-011.md,none,libreoffice-26.2 doc->docx + OOXML extraction + omml2latex; OLE preview-image fallback,false,,,pending,,"AI-assisted batch conversion, pending human review. 23 MathType/OLE formula objects preserved as preview-image fallback (LaTeX replacement pending human review); 3 native OMML formulas converted to LaTeX"
probability-theory-012,probability_theory,2014春B卷答案,学科资料/概率论/往年卷/2014春B卷答案.doc,doc,past_exam_answer,2014,probability/probability-theory-012.md,none,libreoffice-26.2 doc->docx + OOXML extraction + omml2latex; OLE preview-image fallback,false,,,pending,,"AI-assisted batch conversion, pending human review. 72 MathType/OLE formula objects preserved as preview-image fallback (LaTeX replacement pending human review); 23 native OMML formulas converted to LaTeX"
probability-theory-013,probability_theory,2015答案,学科资料/概率论/往年卷/2015答案.pdf,pdf,past_exam_answer,2015,probability/probability-theory-013.md,page,pymupdf text-layer page extraction,false,,,pending,,"AI-assisted batch conversion, pending human review. AI-assisted conversion; awaiting human review"
probability-theory-014,probability_theory,2015试卷,学科资料/概率论/往年卷/2015试卷.pdf,pdf,past_exam,2015,probability/probability-theory-014.md,page,pymupdf text-layer page extraction,false,,,pending,,"AI-assisted batch conversion, pending human review. 5 tool-proposed question boundaries need human confirmation"
probability-theory-015,probability_theory,2018春季A卷答案,学科资料/概率论/往年卷/【包打听分享】2018春季A卷答案13.doc,doc,past_exam_answer,2018,probability/probability-theory-015.md,none,libreoffice-26.2 doc->docx + OOXML extraction + omml2latex; OLE preview-image fallback,false,,,pending,,"AI-assisted batch conversion, pending human review. 113 MathType/OLE formula objects preserved as preview-image fallback (LaTeX replacement pending human review); 47 native OMML formulas converted to LaTeX"
probability-theory-016,probability_theory,2019试卷A,学科资料/概率论/往年卷/【包打听分享】2019试卷A14.pptx,pptx,past_exam,2019,probability/probability-theory-016.md,slide,python-pptx slide extraction,false,,,pending,,"AI-assisted batch conversion, pending human review. AI-assisted conversion; awaiting human review"
probability-theory-017,probability_theory,2020概率论A,学科资料/概率论/往年卷/【包打听分享】2020概率论A16.pdf,pdf,note,2020,probability/probability-theory-017.md,page,pymupdf text-layer page extraction,false,,,pending,,"AI-assisted batch conversion, pending human review. AI-assisted conversion; awaiting human review"
probability-theory-018,probability_theory,2020概率论与数理统计A卷答案(1),学科资料/概率论/往年卷/【包打听分享】2020概率论与数理统计A卷答案(1)18.pdf,pdf,past_exam_answer,2020,probability/probability-theory-018.md,page,pymupdf text-layer page extraction,false,,,pending,,"AI-assisted batch conversion, pending human review. 7 tool-proposed question boundaries need human confirmation"
probability-theory-019,probability_theory,2021试卷A,学科资料/概率论/往年卷/【包打听分享】2021试卷A20.pptx,pptx,past_exam,2021,probability/probability-theory-019.md,slide,python-pptx slide extraction,false,,,pending,,"AI-assisted batch conversion, pending human review. AI-assisted conversion; awaiting human review"
probability-theory-020,probability_theory,2022概率A(1),学科资料/概率论/往年卷/【包打听分享】2022概率A(1)21.pdf,pdf,note,2022,probability/probability-theory-020.md,page,pymupdf text-layer page extraction,false,,,pending,,"AI-assisted batch conversion, pending human review. AI-assisted conversion; awaiting human review"
probability-theory-021,probability_theory,2022概率B,学科资料/概率论/往年卷/【包打听分享】2022概率B22.pdf,pdf,note,2022,probability/probability-theory-021.md,page,pymupdf text-layer page extraction,false,,,pending,,"AI-assisted batch conversion, pending human review. AI-assisted conversion; awaiting human review"
probability-theory-022,probability_theory,2022概率统计试卷A答案(1),学科资料/概率论/往年卷/【包打听分享】2022概率统计试卷A答案(1)23.pdf,pdf,past_exam_answer,2022,probability/probability-theory-022.md,page,pymupdf text-layer page extraction,false,,,pending,,"AI-assisted batch conversion, pending human review. 7 tool-proposed question boundaries need human confirmation"
probability-theory-023,probability_theory,2022概率统计试卷B答案(1),学科资料/概率论/往年卷/【包打听分享】2022概率统计试卷B答案(1)24.pdf,pdf,past_exam_answer,2022,probability/probability-theory-023.md,page,pymupdf text-layer page extraction,false,,,pending,,"AI-assisted batch conversion, pending human review. 7 tool-proposed question boundaries need human confirmation"
probability-theory-024,probability_theory,2023概率A(1),学科资料/概率论/往年卷/【包打听分享】2023概率A(1)25.pdf,pdf,note,2023,probability/probability-theory-024.md,page,pymupdf text-layer page extraction,false,,,pending,,"AI-assisted batch conversion, pending human review. AI-assisted conversion; awaiting human review"
probability-theory-025,probability_theory,2023概率统计试卷A答案(1),学科资料/概率论/往年卷/【包打听分享】2023概率统计试卷A答案(1)26.pdf,pdf,past_exam_answer,2023,probability/probability-theory-025.md,page,pymupdf text-layer page extraction,false,,,pending,,"AI-assisted batch conversion, pending human review. 7 tool-proposed question boundaries need human confirmation"
probability-theory-026,probability_theory,2024概率A(1),学科资料/概率论/往年卷/【包打听分享】2024概率A(1)27.pdf,pdf,note,2024,probability/probability-theory-026.md,page,pymupdf text-layer page extraction,false,,,pending,,"AI-assisted batch conversion, pending human review. AI-assisted conversion; awaiting human review"
probability-theory-027,probability_theory,2024概率统计试卷A答案(2),学科资料/概率论/往年卷/【包打听分享】2024概率统计试卷A答案(2)28.pdf,pdf,past_exam_answer,2024,probability/probability-theory-027.md,page,pymupdf text-layer page extraction,false,,,pending,,"AI-assisted batch conversion, pending human review. 4 tool-proposed question boundaries need human confirmation"
cpp-002,cpp,C++非应试笔记（全：开源）,学科资料/C++（上及下）/C++笔记（小部分加密，基本开源）/C++非应试笔记（全：开源）.C++,c++,exercise_solution,,cpp/cpp-002.md,none,plain-text/code normalization to fenced block,false,,,pending,,"AI-assisted batch conversion, pending human review. AI-assisted conversion; awaiting human review"
cpp-003,cpp,body,学科资料/C++（上及下）/C++笔记（小部分加密，基本开源）/类笔记/类笔记/body.cpp,cpp,exercise_solution,,cpp/cpp-003.md,none,plain-text/code normalization to fenced block,false,,,pending,,"AI-assisted batch conversion, pending human review. AI-assisted conversion; awaiting human review"
cpp-004,cpp,基础部分,学科资料/C++（上及下）/C++笔记（小部分加密，基本开源）/类重构笔记/类重构笔记/基础部分.cpp,cpp,exercise_solution,,cpp/cpp-004.md,none,plain-text/code normalization to fenced block,false,,,pending,,"AI-assisted batch conversion, pending human review. AI-assisted conversion; awaiting human review"
cpp-005,cpp,10.8测试,学科资料/C++（上及下）/C++代码合辑(Ai盛行，故停止维护)/10.8测试.doc,doc,note,,cpp/cpp-005.md,heading,libreoffice-26.2 doc->docx + OOXML extraction + omml2latex; OLE preview-image fallback,false,,,pending,,"AI-assisted batch conversion, pending human review. AI-assisted conversion; awaiting human review"
cpp-006,cpp,10.8测试,学科资料/C++（上及下）/C++代码合辑(Ai盛行，故停止维护)/10.8测试.ppt,ppt,note,,cpp/cpp-006.md,slide,libreoffice-26.2 ppt->pptx + python-pptx slide extraction,false,,,pending,,"AI-assisted batch conversion, pending human review. AI-assisted conversion; awaiting human review"
cpp-007,cpp,题目,学科资料/C++（上及下）/C++代码合辑(Ai盛行，故停止维护)/题目.txt,txt,note,,cpp/cpp-007.md,none,plain-text/code normalization to fenced block,false,,,pending,,"AI-assisted batch conversion, pending human review. PRIVACY-HIT:class/student-id label:知某个学生数据，包括学号、姓名、平时作业成绩、期中考试成绩、期末考试成绩。设计成员函"
cpp-008,cpp,A,学科资料/C++（上及下）/C++代码合辑(Ai盛行，故停止维护)/第一次代码合辑/A.txt,txt,note,,cpp/cpp-008.md,none,plain-text/code normalization to fenced block,false,,,pending,,"AI-assisted batch conversion, pending human review. AI-assisted conversion; awaiting human review"
cpp-009,cpp,B,学科资料/C++（上及下）/C++代码合辑(Ai盛行，故停止维护)/第一次代码合辑/B.txt,txt,note,,cpp/cpp-009.md,none,plain-text/code normalization to fenced block,false,,,pending,,"AI-assisted batch conversion, pending human review. AI-assisted conversion; awaiting human review"
cpp-010,cpp,C++,学科资料/C++（上及下）/C++代码合辑(Ai盛行，故停止维护)/第一次代码合辑/C++-07.txt,txt,note,,cpp/cpp-010.md,none,plain-text/code normalization to fenced block,false,,,pending,,"AI-assisted batch conversion, pending human review. PRIVACY-HIT:class/student-id label:out << ""学生学号: "" << id << "
cpp-011,cpp,C,学科资料/C++（上及下）/C++代码合辑(Ai盛行，故停止维护)/第一次代码合辑/C.txt,txt,note,,cpp/cpp-011.md,none,plain-text/code normalization to fenced block,false,,,pending,,"AI-assisted batch conversion, pending human review. AI-assisted conversion; awaiting human review"
cpp-012,cpp,D,学科资料/C++（上及下）/C++代码合辑(Ai盛行，故停止维护)/第一次代码合辑/D.txt,txt,note,,cpp/cpp-012.md,none,plain-text/code normalization to fenced block,false,,,pending,,"AI-assisted batch conversion, pending human review. PRIVACY-HIT:class/student-id label:out << ""学生学号: "" << id << "
cpp-013,cpp,E,学科资料/C++（上及下）/C++代码合辑(Ai盛行，故停止维护)/第一次代码合辑/E.txt,txt,note,,cpp/cpp-013.md,none,plain-text/code normalization to fenced block,false,,,pending,,"AI-assisted batch conversion, pending human review. PRIVACY-HIT:class/student-id label: os << ""学生学号: "" << studen"
cpp-014,cpp,F,学科资料/C++（上及下）/C++代码合辑(Ai盛行，故停止维护)/第一次代码合辑/F.txt,txt,note,,cpp/cpp-014.md,none,plain-text/code normalization to fenced block,false,,,pending,,"AI-assisted batch conversion, pending human review. PRIVACY-HIT:class/student-id label: cout << ""学号："" << id << "
cpp-015,cpp,屏幕截图 2 140657,学科资料/C++（上及下）/C++代码合辑(Ai盛行，故停止维护)/第一次代码合辑/屏幕截图 2 140657.png,png,note,,cpp/cpp-015.md,none,single image page embedded as stable asset,false,,,pending,,"AI-assisted batch conversion, pending human review. image-only material; no OCR"
cpp-016,cpp,屏幕截图 2024-04-25 140511,学科资料/C++（上及下）/C++代码合辑(Ai盛行，故停止维护)/第一次代码合辑/屏幕截图 2024-04-25 140511.png,png,note,2024,cpp/cpp-016.md,none,single image page embedded as stable asset,false,,,pending,,"AI-assisted batch conversion, pending human review. image-only material; no OCR"
cpp-017,cpp,最后一题图片,学科资料/C++（上及下）/C++代码合辑(Ai盛行，故停止维护)/第一次代码合辑/最后一题图片.png,png,note,,cpp/cpp-017.md,none,single image page embedded as stable asset,false,,,pending,,"AI-assisted batch conversion, pending human review. image-only material; no OCR"
cpp-018,cpp,1,学科资料/C++（上及下）/C++代码合辑(Ai盛行，故停止维护)/algorithm/1.cpp,cpp,exercise_solution,,cpp/cpp-018.md,none,plain-text/code normalization to fenced block,false,,,pending,,"AI-assisted batch conversion, pending human review. AI-assisted conversion; awaiting human review"
cpp-019,cpp,Jimmy的学习计划,学科资料/C++（上及下）/C++代码合辑(Ai盛行，故停止维护)/algorithm/Jimmy的学习计划.cpp,cpp,exercise_solution,,cpp/cpp-019.md,none,plain-text/code normalization to fenced block,false,,,pending,,"AI-assisted batch conversion, pending human review. AI-assisted conversion; awaiting human review"
cpp-020,cpp,摘果子,学科资料/C++（上及下）/C++代码合辑(Ai盛行，故停止维护)/algorithm/摘果子.cpp,cpp,exercise_solution,,cpp/cpp-020.md,none,plain-text/code normalization to fenced block,false,,,pending,,"AI-assisted batch conversion, pending human review. AI-assisted conversion; awaiting human review"
cpp-021,cpp,最小生成树,学科资料/C++（上及下）/C++代码合辑(Ai盛行，故停止维护)/algorithm/最小生成树.cpp,cpp,exercise_solution,,cpp/cpp-021.md,none,plain-text/code normalization to fenced block,false,,,pending,,"AI-assisted batch conversion, pending human review. AI-assisted conversion; awaiting human review"
cpp-022,cpp,签到,学科资料/C++（上及下）/C++代码合辑(Ai盛行，故停止维护)/algorithm/签到1.C++,c++,exercise_solution,,cpp/cpp-022.md,none,plain-text/code normalization to fenced block,false,,,pending,,"AI-assisted batch conversion, pending human review. AI-assisted conversion; awaiting human review"
cpp-023,cpp,签到,学科资料/C++（上及下）/C++代码合辑(Ai盛行，故停止维护)/algorithm/签到2.C++,c++,exercise_solution,,cpp/cpp-023.md,none,plain-text/code normalization to fenced block,false,,,pending,,"AI-assisted batch conversion, pending human review. AI-assisted conversion; awaiting human review"
cpp-024,cpp,精明的商人,学科资料/C++（上及下）/C++代码合辑(Ai盛行，故停止维护)/algorithm/精明的商人.cpp,cpp,exercise_solution,,cpp/cpp-024.md,none,plain-text/code normalization to fenced block,false,,,pending,,"AI-assisted batch conversion, pending human review. AI-assisted conversion; awaiting human review"
cpp-025,cpp,自习,学科资料/C++（上及下）/C++代码合辑(Ai盛行，故停止维护)/algorithm/自习.cpp,cpp,exercise_solution,,cpp/cpp-025.md,none,plain-text/code normalization to fenced block,false,,,pending,,"AI-assisted batch conversion, pending human review. AI-assisted conversion; awaiting human review"
cpp-026,cpp,跳一跳,学科资料/C++（上及下）/C++代码合辑(Ai盛行，故停止维护)/algorithm/跳一跳.cpp,cpp,exercise_solution,,cpp/cpp-026.md,none,plain-text/code normalization to fenced block,false,,,pending,,"AI-assisted batch conversion, pending human review. AI-assisted conversion; awaiting human review"
cpp-027,cpp,2022-2023C++II (A) 试卷,学科资料/C++（上及下）/往年卷/2022-2023C++II (A) 试卷.pdf,pdf,past_exam,2022,cpp/cpp-027.md,page,pymupdf text-layer page extraction,false,,,pending,,"AI-assisted batch conversion, pending human review. 1 tool-proposed question boundaries need human confirmation; PRIVACY-HIT:class/student-id label:          学号   学院          "
cpp-028,cpp,2022-2023答案A,学科资料/C++（上及下）/往年卷/2022-2023答案A.doc,doc,past_exam_answer,2022,cpp/cpp-028.md,none,libreoffice-26.2 doc->docx + OOXML extraction + omml2latex; OLE preview-image fallback,false,,,pending,,"AI-assisted batch conversion, pending human review. AI-assisted conversion; awaiting human review"
cpp-029,cpp,21-22,学科资料/C++（上及下）/往年卷/21-22-2.pdf,pdf,note,,cpp/cpp-029.md,page,pymupdf text-layer page extraction,false,,,pending,,"AI-assisted batch conversion, pending human review. PRIVACY-HIT:class/student-id label:考试答题纸  姓名 学号 学院 专业班级 班级序号"
cpp-030,cpp,21,学科资料/C++（上及下）/往年卷/21-22.pdf,pdf,note,,cpp/cpp-030.md,page,pymupdf page rendering to JPEG assets; no OCR performed,false,,,pending,,"AI-assisted batch conversion, pending human review. image-only PDF preserved as page images"
cpp-031,cpp,C++习题解答下学期,学科资料/C++（上及下）/往年卷/C++习题解答下学期(1).doc,doc,exercise_solution,,cpp/cpp-031.md,heading,libreoffice-26.2 doc->docx + OOXML extraction + omml2latex; OLE preview-image fallback,false,,,pending,,"AI-assisted batch conversion, pending human review. PRIVACY-HIT:class/student-id label:类中定义特有的属性“班级”和“成绩”。所以有：  class te"
cpp-032,cpp,cpp习题与解答-选择题修订-ALL,学科资料/C++（上及下）/往年卷/cpp习题与解答-选择题修订-ALL.pdf,pdf,exercise_solution,,cpp/cpp-032.md,page,pymupdf text-layer page extraction,false,,,pending,,"AI-assisted batch conversion, pending human review. PRIVACY-HIT:class/student-id label:．把某班学生的姓名和学号分别存放到两个数组中，从键盘输入某位学生的学号，查找该学生是"
cpp-033,cpp,17-18（2）C++（2）试题A卷及其答案-2211,学科资料/C++（上及下）/往年卷/【包打听】17-18（2）C++（2）试题A卷及其答案-2211.pdf,pdf,past_exam_answer,,cpp/cpp-033.md,page,pymupdf text-layer page extraction,false,,,pending,,"AI-assisted batch conversion, pending human review. 1 tool-proposed question boundaries need human confirmation; PRIVACY-HIT:class/student-id label:          学号   学院          "
cpp-034,cpp,C++习题课 英语试卷在文档后面(1)-2211,学科资料/C++（上及下）/往年卷/【包打听】C++习题课 英语试卷在文档后面(1)-2211.pdf,pdf,past_exam,,cpp/cpp-034.md,page,pymupdf text-layer page extraction,false,,,pending,,"AI-assisted batch conversion, pending human review. AI-assisted conversion; awaiting human review"
cpp-035,cpp,高级语言程序设计（C++II）参考答案-2211,学科资料/C++（上及下）/往年卷/【包打听】高级语言程序设计（C++II）参考答案-2211.pdf,pdf,past_exam_answer,,cpp/cpp-035.md,page,pymupdf text-layer page extraction,false,,,pending,,"AI-assisted batch conversion, pending human review. 4 tool-proposed question boundaries need human confirmation"
cpp-036,cpp,高级语言程序设计（C++II）试卷-2211,学科资料/C++（上及下）/往年卷/【包打听】高级语言程序设计（C++II）试卷-2211.pdf,pdf,past_exam,,cpp/cpp-036.md,page,pymupdf text-layer page extraction,false,,,pending,,"AI-assisted batch conversion, pending human review. 4 tool-proposed question boundaries need human confirmation"
cpp-037,cpp,2007C++程序设计基础试卷(A),学科资料/C++（上及下）/往年卷/【包打听分享】2007C++程序设计基础试卷(A).pdf,pdf,past_exam,2007,cpp/cpp-037.md,page,pymupdf text-layer page extraction,false,,,pending,,"AI-assisted batch conversion, pending human review. 5 tool-proposed question boundaries need human confirmation"
cpp-038,cpp,2016-2017(1)C++程序设计基础--A卷--试题答案,学科资料/C++（上及下）/往年卷/【包打听分享】2016-2017(1)C++程序设计基础--A卷--试题答案.doc,doc,past_exam_answer,2016,cpp/cpp-038.md,none,libreoffice-26.2 doc->docx + OOXML extraction + omml2latex; OLE preview-image fallback,false,,,pending,,"AI-assisted batch conversion, pending human review. AI-assisted conversion; awaiting human review"
cpp-039,cpp,2016-2017(1)C++程序设计基础--B卷,学科资料/C++（上及下）/往年卷/【包打听分享】2016-2017(1)C++程序设计基础--B卷.doc,doc,note,2016,cpp/cpp-039.md,none,libreoffice-26.2 doc->docx + OOXML extraction + omml2latex; OLE preview-image fallback,false,,,pending,,"AI-assisted batch conversion, pending human review. 4 MathType/OLE formula objects preserved as preview-image fallback (LaTeX replacement pending human review)"
cpp-040,cpp,C++09试卷(B卷),学科资料/C++（上及下）/往年卷/【包打听分享】C++09试卷(B卷).doc,doc,past_exam,,cpp/cpp-040.md,none,libreoffice-26.2 doc->docx + OOXML extraction + omml2latex; OLE preview-image fallback,false,,,pending,,"AI-assisted batch conversion, pending human review. 1 MathType/OLE formula objects preserved as preview-image fallback (LaTeX replacement pending human review); 4 tool-proposed question boundaries need human confirmation; PRIVACY-HIT:class/student-id label:结构体类型，内含学生学号和一门课的成绩，并开辟动态内存存放一个学生的数据：学号300"
cpp-041,cpp,C++09试卷(B卷参考答案,学科资料/C++（上及下）/往年卷/【包打听分享】C++09试卷(B卷参考答案.doc,doc,past_exam_answer,,cpp/cpp-041.md,none,libreoffice-26.2 doc->docx + OOXML extraction + omml2latex; OLE preview-image fallback,false,,,pending,,"AI-assisted batch conversion, pending human review. 4 tool-proposed question boundaries need human confirmation"
cpp-042,cpp,C++程序设计试卷,学科资料/C++（上及下）/往年卷/【包打听分享】C++程序设计试卷.pdf,pdf,past_exam,,cpp/cpp-042.md,page,pymupdf text-layer page extraction,false,,,pending,,"AI-assisted batch conversion, pending human review. 5 tool-proposed question boundaries need human confirmation; PRIVACY-HIT:class/student-id label:设计》试卷  姓名 学号 学院 专业 座位号  注"
cpp-043,cpp,样卷,学科资料/C++（上及下）/往年卷/样卷.pdf,pdf,practice_exam,,cpp/cpp-043.md,page,pymupdf text-layer page extraction,false,,,pending,,"AI-assisted batch conversion, pending human review. 4 tool-proposed question boundaries need human confirmation; PRIVACY-HIT:class/student-id label:          学号   学院          "
cpp-044,cpp,（A）试卷,学科资料/C++（上及下）/往年卷/（A）试卷.doc,doc,past_exam,,cpp/cpp-044.md,none,libreoffice-26.2 doc->docx + OOXML extraction + omml2latex; OLE preview-image fallback,false,,,pending,,"AI-assisted batch conversion, pending human review. AI-assisted conversion; awaiting human review"
discrete-mathematics-002,discrete_mathematics,华南理工大学《离散数学》2021-2022学年第一学期期末试卷,学科资料/离散数学/往年卷/【包打听分享】华南理工大学《离散数学》2021-2022学年第一学期期末试卷.pdf,pdf,past_exam,2021,discrete_mathematics/discrete-mathematics-002.md,page,pymupdf page rendering to JPEG assets; no OCR performed,false,,,pending,,"AI-assisted batch conversion, pending human review. image-only PDF preserved as page images"
discrete-mathematics-003,discrete_mathematics,离散数学试卷（中文）,学科资料/离散数学/往年卷/【包打听分享】离散数学试卷（中文）.pdf,pdf,past_exam,,discrete_mathematics/discrete-mathematics-003.md,page,pymupdf text-layer page extraction,false,,,pending,,"AI-assisted batch conversion, pending human review. 2 tool-proposed question boundaries need human confirmation; PRIVACY-HIT:class/student-id label:          学号   学院          "
discrete-mathematics-004,discrete_mathematics,机试,学科资料/离散数学/往年卷/机试.pdf,pdf,note,,discrete_mathematics/discrete-mathematics-004.md,page,pymupdf page rendering to JPEG assets; no OCR performed,false,,,pending,,"AI-assisted batch conversion, pending human review. image-only PDF preserved as page images"
discrete-mathematics-005,discrete_mathematics,机试,学科资料/离散数学/往年卷/机试2.pdf,pdf,past_exam,,discrete_mathematics/discrete-mathematics-005.md,page,pymupdf text-layer page extraction,false,,,pending,,"AI-assisted batch conversion, pending human review. AI-assisted conversion; awaiting human review"
discrete-mathematics-006,discrete_mathematics,机试,学科资料/离散数学/往年卷/机试3.pdf,pdf,past_exam,,discrete_mathematics/discrete-mathematics-006.md,page,pymupdf text-layer page extraction,false,,,pending,,"AI-assisted batch conversion, pending human review. AI-assisted conversion; awaiting human review"
discrete-mathematics-007,discrete_mathematics,离散数学试卷（中文）答案,学科资料/离散数学/往年卷/离散数学试卷（中文）答案.doc,doc,past_exam_answer,,discrete_mathematics/discrete-mathematics-007.md,none,libreoffice-26.2 doc->docx + OOXML extraction + omml2latex; OLE preview-image fallback,false,,,pending,,"AI-assisted batch conversion, pending human review. 50 MathType/OLE formula objects preserved as preview-image fallback (LaTeX replacement pending human review); 4 native OMML formulas converted to LaTeX"
english-004,english,2023级学术英语第一学期考试大纲,学科资料/英语/2023级学术英语第一学期考试大纲.doc,doc,review_outline,2023,english/english-004.md,none,libreoffice-26.2 doc->docx + OOXML extraction + omml2latex; OLE preview-image fallback,false,,,pending,,"AI-assisted batch conversion, pending human review. AI-assisted conversion; awaiting human review"
english-005,english,英语议论文写作个人总结,学科资料/英语/英语议论文写作个人总结.pdf,pdf,note,,english/english-005.md,page,pymupdf text-layer page extraction,false,,,pending,,"AI-assisted batch conversion, pending human review. AI-assisted conversion; awaiting human review"
computer-science-intro-003,computer_science_intro,Final Exam A_2021V1,学科资料/计算机科学概论/考试复习大纲与往年卷/Final Exam A_2021V1.1.pdf,pdf,past_exam,2021,computer_science_intro/computer-science-intro-003.md,page,pymupdf text-layer page extraction,false,,,pending,,"AI-assisted batch conversion, pending human review. AI-assisted conversion; awaiting human review"
computer-science-intro-004,computer_science_intro,微信图片_20231218194317,学科资料/计算机科学概论/考试复习大纲与往年卷/微信图片_20231218194317.png,png,note,2023,computer_science_intro/computer-science-intro-004.md,none,single image page embedded as stable asset,false,,,pending,,"AI-assisted batch conversion, pending human review. image-only material; no OCR"
computer-science-intro-005,computer_science_intro,第1章,学科资料/计算机科学概论/PPT/第1章.ppt,ppt,lecture_slides,,computer_science_intro/computer-science-intro-005.md,slide,libreoffice-26.2 ppt->pptx + python-pptx slide extraction,false,,,pending,,"AI-assisted batch conversion, pending human review. AI-assisted conversion; awaiting human review"
computer-science-intro-006,computer_science_intro,第2章,学科资料/计算机科学概论/PPT/第2章.ppt,ppt,lecture_slides,,computer_science_intro/computer-science-intro-006.md,slide,libreoffice-26.2 ppt->pptx + python-pptx slide extraction,false,,,pending,,"AI-assisted batch conversion, pending human review. AI-assisted conversion; awaiting human review"
computer-science-intro-007,computer_science_intro,第4章,学科资料/计算机科学概论/PPT/第4章_1.ppt,ppt,lecture_slides,,computer_science_intro/computer-science-intro-007.md,slide,libreoffice-26.2 ppt->pptx + python-pptx slide extraction,false,,,pending,,"AI-assisted batch conversion, pending human review. AI-assisted conversion; awaiting human review"
computer-science-intro-008,computer_science_intro,第5章,学科资料/计算机科学概论/PPT/第5章.ppt,ppt,lecture_slides,,computer_science_intro/computer-science-intro-008.md,slide,libreoffice-26.2 ppt->pptx + python-pptx slide extraction,false,,,pending,,"AI-assisted batch conversion, pending human review. AI-assisted conversion; awaiting human review"
computer-science-intro-009,computer_science_intro,第6章,学科资料/计算机科学概论/PPT/第6章_1.ppt,ppt,lecture_slides,,computer_science_intro/computer-science-intro-009.md,slide,libreoffice-26.2 ppt->pptx + python-pptx slide extraction,false,,,pending,,"AI-assisted batch conversion, pending human review. AI-assisted conversion; awaiting human review"
computer-science-intro-010,computer_science_intro,第7章,学科资料/计算机科学概论/PPT/第7章.ppt,ppt,lecture_slides,,computer_science_intro/computer-science-intro-010.md,slide,libreoffice-26.2 ppt->pptx + python-pptx slide extraction,false,,,pending,,"AI-assisted batch conversion, pending human review. AI-assisted conversion; awaiting human review"
information-security-intro-002,information_security_intro,2021-2022-1学期《信息安全导论》B卷,学科资料/信息安全/2021-2022-1学期《信息安全导论》B卷.pdf,pdf,note,2021,information_security_intro/information-security-intro-002.md,page,pymupdf page rendering to JPEG assets; no OCR performed,false,,,pending,,"AI-assisted batch conversion, pending human review. image-only PDF preserved as page images"
university-physics-3-1-002,university_physics_3_1,大物上-速通指南,学科资料/大物上/大物上-速通指南01.md,md,note,,university_physics_3_1/university-physics-3-1-002.md,heading,markdown normalization (Obsidian callouts to blockquotes),false,,,pending,,"AI-assisted batch conversion, pending human review. AI-assisted conversion; awaiting human review"
university-physics-3-1-003,university_physics_3_1,2012级大学物理（I）A卷试卷规范模版（4学分）,学科资料/大物上/往年卷/2012级大学物理（I）A卷试卷规范模版（4学分）.doc,doc,past_exam,2012,university_physics_3_1/university-physics-3-1-003.md,none,libreoffice-26.2 doc->docx + OOXML extraction + omml2latex; OLE preview-image fallback,false,,,pending,,"AI-assisted batch conversion, pending human review. 166 MathType/OLE formula objects preserved as preview-image fallback (LaTeX replacement pending human review); 8 native OMML formulas converted to LaTeX; 3 tool-proposed question boundaries need human confirmation"
university-physics-3-1-004,university_physics_3_1,2012级大学物理（I）期末试卷解答（A卷）,学科资料/大物上/往年卷/2012级大学物理（I）期末试卷解答（A卷）.doc,doc,past_exam_answer,2012,university_physics_3_1/university-physics-3-1-004.md,none,libreoffice-26.2 doc->docx + OOXML extraction + omml2latex; OLE preview-image fallback,false,,,pending,,"AI-assisted batch conversion, pending human review. 49 MathType/OLE formula objects preserved as preview-image fallback (LaTeX replacement pending human review); 1 native OMML formulas converted to LaTeX; 3 tool-proposed question boundaries need human confirmation"
university-physics-3-1-005,university_physics_3_1,2013级大学物理（I）A卷试卷规范模版（4学分）,学科资料/大物上/往年卷/2013级大学物理（I）A卷试卷规范模版（4学分）.doc,doc,past_exam,2013,university_physics_3_1/university-physics-3-1-005.md,none,libreoffice-26.2 doc->docx + OOXML extraction + omml2latex; OLE preview-image fallback,false,,,pending,,"AI-assisted batch conversion, pending human review. 29 MathType/OLE formula objects preserved as preview-image fallback (LaTeX replacement pending human review); 76 native OMML formulas converted to LaTeX; 3 tool-proposed question boundaries need human confirmation"
university-physics-3-1-006,university_physics_3_1,2013级大学物理（I）期末试卷解答（A卷）,学科资料/大物上/往年卷/2013级大学物理（I）期末试卷解答（A卷）.doc,doc,past_exam_answer,2013,university_physics_3_1/university-physics-3-1-006.md,none,libreoffice-26.2 doc->docx + OOXML extraction + omml2latex; OLE preview-image fallback,false,,,pending,,"AI-assisted batch conversion, pending human review. 28 MathType/OLE formula objects preserved as preview-image fallback (LaTeX replacement pending human review); 17 native OMML formulas converted to LaTeX; 3 tool-proposed question boundaries need human confirmation"
university-physics-3-1-007,university_physics_3_1,2020级大学物理III（一）期末考试试卷B卷（4学分）,学科资料/大物上/往年卷/2020级大学物理III（一）期末考试试卷B卷（4学分）.doc,doc,past_exam,2020,university_physics_3_1/university-physics-3-1-007.md,none,libreoffice-26.2 doc->docx + OOXML extraction + omml2latex; OLE preview-image fallback,false,,,pending,,"AI-assisted batch conversion, pending human review. 31 MathType/OLE formula objects preserved as preview-image fallback (LaTeX replacement pending human review); 13 native OMML formulas converted to LaTeX; 3 tool-proposed question boundaries need human confirmation"
university-physics-3-1-008,university_physics_3_1,2020级大学物理（I）期末试卷解答（B卷）,学科资料/大物上/往年卷/2020级大学物理（I）期末试卷解答（B卷）.doc,doc,past_exam_answer,2020,university_physics_3_1/university-physics-3-1-008.md,none,libreoffice-26.2 doc->docx + OOXML extraction + omml2latex; OLE preview-image fallback,false,,,pending,,"AI-assisted batch conversion, pending human review. 37 MathType/OLE formula objects preserved as preview-image fallback (LaTeX replacement pending human review); 4 native OMML formulas converted to LaTeX; 3 tool-proposed question boundaries need human confirmation"
university-physics-3-1-009,university_physics_3_1,2022级大学物理III（一）期末考试试卷B卷（4学分）,学科资料/大物上/往年卷/2022级大学物理III（一）期末考试试卷B卷（4学分）.doc,doc,past_exam,2022,university_physics_3_1/university-physics-3-1-009.md,none,libreoffice-26.2 doc->docx + OOXML extraction + omml2latex; OLE preview-image fallback,false,,,pending,,"AI-assisted batch conversion, pending human review. 36 MathType/OLE formula objects preserved as preview-image fallback (LaTeX replacement pending human review); 13 native OMML formulas converted to LaTeX; 3 tool-proposed question boundaries need human confirmation"
university-physics-3-1-010,university_physics_3_1,2023级大学物理(上)期末考试复习纲要（4学分）,学科资料/大物上/往年卷/2023级大学物理(上)期末考试复习纲要（4学分）.doc,doc,review_outline,2023,university_physics_3_1/university-physics-3-1-010.md,none,libreoffice-26.2 doc->docx + OOXML extraction + omml2latex; OLE preview-image fallback,false,,,pending,,"AI-assisted batch conversion, pending human review. AI-assisted conversion; awaiting human review"
university-physics-3-1-011,university_physics_3_1,2023级大学物理1期末复习,学科资料/大物上/往年卷/2023级大学物理1期末复习.pdf,pdf,past_exam,2023,university_physics_3_1/university-physics-3-1-011.md,page,pymupdf text-layer page extraction,false,,,pending,,"AI-assisted batch conversion, pending human review. AI-assisted conversion; awaiting human review"
university-physics-3-1-012,university_physics_3_1,2025级大学物理III(一)期末考试复习纲要（4学分）,学科资料/大物上/往年卷/2025级大学物理III(一)期末考试复习纲要（4学分）.doc,doc,review_outline,2025,university_physics_3_1/university-physics-3-1-012.md,none,libreoffice-26.2 doc->docx + OOXML extraction + omml2latex; OLE preview-image fallback,false,,,pending,,"AI-assisted batch conversion, pending human review. AI-assisted conversion; awaiting human review"
engineering-mathematical-analysis-2-044,engineering_math_analysis_2,2019级 工科数学分析（二）A无答案,学科资料/工科数学分析II/往年卷/2019级 工科数学分析（二）A无答案.pdf,pdf,past_exam,2019,engineering_math_analysis_2/engineering-mathematical-analysis-2-044.md,page,pymupdf text-layer page extraction,false,,,pending,,"AI-assisted batch conversion, pending human review."
